{"metric":9,"_timestamp":1.7319286928764536e+09,"_runtime":2.916842029,"_step":9,"_wandb":{"runtime":2}}