{"_wandb":{"runtime":5},"parameters/log_std":{"bins":[0,0],"_type":"histogram","values":[12]},"parameters/mlp_extractor.value_net.2.bias":{"values":[64],"bins":[0,0],"_type":"histogram"},"parameters/value_net.bias":{"_type":"histogram","values":[1],"bins":[0,0]},"_step":0,"parameters/value_net.weight":{"bins":[-0.23901042342185974,-0.2305201292037964,-0.22202982008457184,-0.21353952586650848,-0.20504921674728394,-0.19655892252922058,-0.18806862831115723,-0.17957831919193268,-0.17108802497386932,-0.16259773075580597,-0.15410742163658142,-0.14561712741851807,-0.1371268332004547,-0.12863652408123016,-0.12014622986316681,-0.11165592819452286,-0.1031656265258789,-0.09467532485723495,-0.086185023188591,-0.07769472897052765,-0.0692044273018837,-0.060714125633239746,-0.05222382768988609,-0.04373352974653244,-0.03524322807788849,-0.026752928271889687,-0.018262628465890884,-0.009772328659892082,-0.00128202885389328,0.007208270952105522,0.015698570758104324,0.024188870564103127,0.03267914056777954,0.04116944223642349,0.049659740179777145,0.0581500381231308,0.06664033979177475,0.0751306414604187,0.08362093567848206,0.09211123734712601,0.10060153901576996,0.10909184068441391,0.11758214235305786,0.12607243657112122,0.13456273078918457,0.14305303990840912,0.15154333412647247,0.16003364324569702,0.16852393746376038,0.17701423168182373,0.18550454080104828,0.19399483501911163,0.20248514413833618,0.21097543835639954,0.2194657325744629,0.22795604169368744,0.2364463359117508,0.24493663012981415,0.2534269392490387,0.26191723346710205,0.2704075276851654,0.27889782190322876,0.2873881459236145,0.29587844014167786,0.3043687343597412],"_type":"histogram","values":[2,2,0,1,0,0,0,0,0,2,0,1,1,0,0,3,3,0,2,0,3,0,0,4,2,2,3,1,0,6,4,2,0,1,3,0,0,0,2,0,1,2,0,1,0,1,2,1,1,0,0,0,0,0,0,0,3,0,0,0,1,0,0,1]},"parameters/mlp_extractor.value_net.0.weight":{"values":[2,0,3,4,0,7,3,8,11,7,17,18,23,44,46,66,71,87,108,125,142,170,184,219,229,242,294,297,310,329,357,315,343,314,328,320,286,255,232,217,203,171,151,133,115,83,73,67,49,36,18,27,18,5,21,13,5,3,5,1,1,0,0,1],"bins":[-0.48397013545036316,-0.46856024861335754,-0.45315036177635193,-0.4377404451370239,-0.4223305583000183,-0.4069206714630127,-0.3915107846260071,-0.37610089778900146,-0.36069101095199585,-0.34528109431266785,-0.32987120747566223,-0.3144613206386566,-0.299051433801651,-0.2836415469646454,-0.2682316303253174,-0.25282174348831177,-0.23741185665130615,-0.22200196981430054,-0.20659206807613373,-0.1911821812391281,-0.1757722795009613,-0.1603623926639557,-0.14495250582695007,-0.12954260408878326,-0.11413271725177765,-0.09872282296419144,-0.08331292867660522,-0.06790304183959961,-0.0524931475520134,-0.037083253264427185,-0.02167336270213127,-0.0062634702771902084,0.009146392345428467,0.02455628477036953,0.03996617719531059,0.055376067757606506,0.07078596204519272,0.08619585633277893,0.10160574316978455,0.11701563745737076,0.13242553174495697,0.14783541858196259,0.1632453203201294,0.178655207157135,0.19406509399414062,0.20947499573230743,0.22488488256931305,0.24029478430747986,0.2557046711444855,0.2711145579814911,0.2865244448184967,0.3019343614578247,0.3173442482948303,0.33275413513183594,0.34816402196884155,0.36357390880584717,0.3789837956428528,0.3943937122821808,0.4098035991191864,0.425213485956192,0.44062337279319763,0.45603325963020325,0.47144317626953125,0.48685306310653687,0.5022629499435425],"_type":"histogram"},"parameters/mlp_extractor.policy_net.2.weight":{"_type":"histogram","values":[1,1,2,3,1,2,3,11,8,11,10,16,18,32,27,46,43,42,50,60,78,113,93,120,110,144,136,134,147,134,160,147,175,156,159,150,161,131,161,157,124,102,102,80,87,75,58,53,51,41,38,25,24,17,16,12,11,13,6,2,2,1,2,1],"bins":[-0.5818697810173035,-0.5639793872833252,-0.5460889935493469,-0.5281985998153687,-0.5103082060813904,-0.4924177825450897,-0.47452738881111145,-0.4566369950771332,-0.4387466013431549,-0.42085620760917664,-0.40296581387519836,-0.3850754201412201,-0.36718499660491943,-0.34929460287094116,-0.3314042091369629,-0.3135138154029846,-0.29562342166900635,-0.2777330279350281,-0.2598426342010498,-0.24195222556591034,-0.22406183183193207,-0.2061714380979538,-0.18828102946281433,-0.17039063572883606,-0.1525002419948578,-0.13460984826087952,-0.11671944707632065,-0.09882904589176178,-0.08093865215778351,-0.06304825842380524,-0.04515785723924637,-0.0272674597799778,-0.009377002716064453,0.008513394743204117,0.026403792202472687,0.04429418966174126,0.06218458712100983,0.0800749808549881,0.09796538203954697,0.11585578322410583,0.1337461769580841,0.15163657069206238,0.16952696442604065,0.18741737306118011,0.2053077667951584,0.22319816052913666,0.24108856916427612,0.2589789628982544,0.27686935663223267,0.29475975036621094,0.3126501441001892,0.3305405378341675,0.34843093156814575,0.3663213551044464,0.3842117488384247,0.40210214257240295,0.4199925363063812,0.4378829300403595,0.45577332377433777,0.47366371750831604,0.4915541410446167,0.509444534778595,0.5273349285125732,0.5452253222465515,0.5631157159805298]},"parameters/mlp_extractor.value_net.0.bias":{"_type":"histogram","values":[64],"bins":[0,0]},"parameters/mlp_extractor.policy_net.0.weight":{"values":[1,1,0,2,5,0,2,3,8,12,6,16,21,21,27,38,61,52,74,102,114,104,149,183,172,180,219,238,272,284,292,306,332,321,295,338,307,282,271,263,251,235,203,179,146,163,122,98,92,90,60,60,45,29,25,17,8,9,11,5,5,2,2,1],"bins":[-0.5031651854515076,-0.4884781539440155,-0.4737911522388458,-0.45910412073135376,-0.4444171190261841,-0.429730087518692,-0.41504305601119995,-0.4003560543060303,-0.3856690227985382,-0.37098199129104614,-0.35629498958587646,-0.3416079580783844,-0.32692092657089233,-0.31223392486572266,-0.2975468933582306,-0.2828598916530609,-0.26817286014556885,-0.2534858286380768,-0.2387988269329071,-0.22411179542541504,-0.20942477881908417,-0.1947377622127533,-0.18005073070526123,-0.16536371409893036,-0.1506766974925995,-0.13598968088626862,-0.12130265682935715,-0.10661563277244568,-0.09192861616611481,-0.07724159955978394,-0.06255457550287247,-0.0478675551712513,-0.033180564641952515,-0.018493544310331345,-0.0038065239787101746,0.010880496352910995,0.025567516684532166,0.040254537016153336,0.054941557347774506,0.06962858140468597,0.08431559801101685,0.09900261461734772,0.11368963867425919,0.12837666273117065,0.14306367933750153,0.1577506959438324,0.17243772745132446,0.18712474405765533,0.2018117606639862,0.21649877727031708,0.23118579387664795,0.24587282538414001,0.2605598568916321,0.27524685859680176,0.2899338901042938,0.3046208918094635,0.31930792331695557,0.33399495482444763,0.3486819565296173,0.3633689880371094,0.37805598974227905,0.3927430212497711,0.4074300527572632,0.42211705446243286,0.4368040859699249],"_type":"histogram"},"parameters/mlp_extractor.value_net.2.weight":{"_type":"histogram","values":[1,0,0,1,0,2,2,3,5,3,8,6,11,16,21,25,38,49,52,68,71,78,79,114,126,130,144,144,156,177,185,165,180,175,186,169,184,158,148,135,137,122,110,106,75,54,50,56,43,32,25,22,14,11,5,8,6,2,0,1,0,1,0,1],