{"parameters/value_net.weight":{"_type":"histogram","values":[1,0,0,2,0,0,1,0,2,0,0,3,2,0,0,1,0,0,0,2,1,4,1,1,0,1,3,1,5,0,4,0,3,2,2,1,0,1,0,4,4,0,0,2,0,1,1,0,1,2,2,0,0,0,0,0,1,0,0,0,1,0,0,1],"bins":[-0.26873159408569336,-0.25994107127189636,-0.25115054845809937,-0.24236001074314117,-0.23356948792934418,-0.22477896511554718,-0.215988427400589,-0.207197904586792,-0.198407381772995,-0.189616858959198,-0.180826336145401,-0.1720357984304428,-0.1632452756166458,-0.15445475280284882,-0.14566421508789062,-0.13687369227409363,-0.12808316946029663,-0.11929264664649963,-0.11050211638212204,-0.10171158611774445,-0.09292106330394745,-0.08413054049015045,-0.07534001022577286,-0.06654947996139526,-0.05775895714759827,-0.04896843060851097,-0.040177904069423676,-0.03138737753033638,-0.022596850991249084,-0.013806324452161789,-0.005015797913074493,0.003774728626012802,0.01256522536277771,0.021355751901865005,0.0301462784409523,0.0389368049800396,0.04772733151912689,0.05651785805821419,0.06530838459730148,0.07409891486167908,0.08288943767547607,0.09167996048927307,0.10047049075365067,0.10926102101802826,0.11805154383182526,0.12684206664562225,0.13563260436058044,0.14442312717437744,0.15321364998817444,0.16200417280197144,0.17079469561576843,0.17958523333072662,0.18837575614452362,0.19716627895832062,0.2059568166732788,0.2147473394870758,0.2235378623008728,0.2323283851146698,0.2411189079284668,0.249909445643425,0.2586999535560608,0.2674905061721802,0.2762810289859772,0.28507155179977417,0.29386207461357117]},"parameters/mlp_extractor.value_net.2.bias":{"bins":[0,0],"_type":"histogram","values":[64]},"parameters/mlp_extractor.value_net.2.weight":{"_type":"histogram","values":[1,0,0,0,3,0,1,2,2,6,7,5,23,13,11,19,21,43,41,38,40,80,79,96,109,108,133,146,154,176,176,193,162,161,181,152,183,159,177,139,135,118,120,107,92,89,62,64,49,42,34,28,23,15,23,20,11,6,5,3,4,2,1,3],"bins":[-0.6569905877113342,-0.6376238465309143,-0.6182571649551392,-0.5988904237747192,-0.5795236825942993,-0.5601570010185242,-0.5407902598381042,-0.5214235782623291,-0.5020568370819092,-0.48269012570381165,-0.4633234143257141,-0.4439566731452942,-0.42458996176719666,-0.4052232503890991,-0.3858565092086792,-0.36648979783058167,-0.34712308645248413,-0.3277563750743866,-0.30838966369628906,-0.28902292251586914,-0.2696562111377716,-0.2502894997596741,-0.23092277348041534,-0.21155604720115662,-0.19218933582305908,-0.17282262444496155,-0.15345589816570282,-0.1340891718864441,-0.11472246050834656,-0.09535574167966843,-0.0759890228509903,-0.056622304022312164,-0.03725552558898926,-0.017888806760311127,0.0014779120683670044,0.020844630897045135,0.04021134972572327,0.0595780685544014,0.07894478738307953,0.09831150621175766,0.11767822504043579,0.13704493641853333,0.15641166269779205,0.17577838897705078,0.19514510035514832,0.21451181173324585,0.23387853801250458,0.2532452642917633,0.27261197566986084,0.2919786870479584,0.3113453984260559,0.33071213960647583,0.35007885098457336,0.3694455623626709,0.3888123035430908,0.40817901492118835,0.4275457262992859,0.4469124376773834,0.46627914905548096,0.4856458902359009,0.5050126314163208,0.524379312992096,0.5437460541725159,0.563112735748291,0.5824794769287109]},"parameters/mlp_extractor.policy_net.2.bias":{"_type":"histogram","values":[64],"bins":[0,0]},"_wandb":{"runtime":26},"parameters/action_net.weight":{"values":[1,0,0,0,0,0,2,1,1,2,2,3,3,2,3,4,8,7,8,11,11,13,15,14,17,19,31,30,24,24,21,31,36,28,29,29,28,25,33,25,26,22,19,28,24,16,18,13,12,8,11,8,4,4,1,2,3,2,0,1,1,0,3,1],"bins":[-0.0043312422931194305,-0.004205330274999142,-0.004079418256878853,-0.003953506238758564,-0.0038275939878076315,-0.0037016819696873426,-0.003575769951567054,-0.003449857933446765,-0.0033239456824958324,-0.0031980336643755436,-0.0030721216462552547,-0.002946209628134966,-0.002820297610014677,-0.002694385591894388,-0.0025684733409434557,-0.002442561322823167,-0.002316649304702878,-0.002190737286582589,-0.0020648252684623003,-0.0019389131339266896,-0.001813000999391079,-0.00168708898127079,-0.0015611769631505013,-0.0014352648286148906,-0.0013093528104946017,-0.0011834407923743129,-0.0010575286578387022,-0.0009316166397184134,-0.0008057045633904636,-0.0006797924870625138,-0.000553880468942225,-0.0004279683926142752,-0.00030205631628632545,-0.00017614425451029092,-5.023219273425639e-05,7.567986904177815e-05,0.00020159193081781268,0.00032750400714576244,0.00045341605436988175,0.0005793281015940011,0.0007052401779219508,0.0008311522542499006,0.0009570643305778503,0.0010829763486981392,0.001208888366818428,0.0013348005013540387,0.0014607125194743276,0.0015866246540099382,0.001712536672130227,0.001838448690250516,0.001964360708370805,0.0020902729593217373,0.002216184977442026,0.002342096995562315,0.002468009013682604,0.0025939210318028927,0.0027198330499231815,0.002845745300874114,0.002971657318994403,0.0030975693371146917,0.0032234813552349806,0.0033493933733552694,0.003475305624306202,0.003601217642426491,0.0037271296605467796],"_type":"histogram"},"_timestamp":1.7331591352549863e+09,"parameters/mlp_extractor.policy_net.0.bias":{"bins":[0,0],"_type":"histogram","values":[64]},"parameters/mlp_extractor.value_net.0.weight":{"bins":[-0.4573739171028137,-0.44191402196884155,-0.426454097032547,-0.41099420189857483,-0.3955342769622803,-0.3800743818283081,-0.36461445689201355,-0.3491545617580414,-0.3336946368217468,-0.31823474168777466,-0.3027748167514801,-0.28731492161750793,-0.2718549966812134,-0.2563951015472412,-0.24093519151210785,-0.2254752814769745,-0.21001537144184113,-0.19455546140670776,-0.1790955513715744,-0.16363564133644104,-0.14817573130130768,-0.13271582126617432,-0.11725591868162155,-0.10179600864648819,-0.08633609861135483,-0.07087618857622147,-0.055416278541088104,-0.03995637223124504,-0.02449646219611168,-0.009036553092300892,0.006423356011509895,0.021883264183998108,0.03734317421913147,0.05280308425426483,0.0682629942893982,0.08372290432453156,0.09918281435966492,0.11464271694421768,0.13010263442993164,0.145562544465065,0.16102245450019836,0.17648234963417053,0.1919422596693039,0.20740216970443726,0.22286207973957062,0.23832198977470398,0.25378191471099854,0.2692418098449707,0.28470170497894287,0.3001616299152374,0.3156215250492096,0.33108144998550415,0.3465413451194763,0.3620012700557709,0.37746116518974304,0.3929210901260376,0.40838098526000977,0.4238409101963043,0.4393008053302765,0.45476073026657104,0.4702206254005432,0.48568055033683777,0.5011404752731323,0.5166003704071045,0.5320602655410767],"_type":"histogram","values":[1,2,2,4,3,5,8,15,15,23,26,31,42,69,63,81,96,141,144,148,195,197,229,269,285,300,320,314,349,335,310,346,303,309,276,260,232,236,217,174,133,154,118,88,81,68,49,46,35,22,19,13,8,6,3,6,3,1,3,0,0,0,0,1]},"parameters/action_net.bias":{"_type":"histogram","values":[12],"bins":[0,0]},"_step":0,"parameters/log_std":{"values":[12],"bins":[0,0],"_type":"histogram"},"parameters/mlp_extractor.policy_net.0.weight":{"_type":"histogram","values":[1,0,0,1,1,1,1,2,0,3,9,11,16,20,28,37,46,56,69,93,106,138,162,196,197,246,284,266,321,351,350,341,360,335,336,314,377,319,270,245,241,181,182,132,114,106,71,81,70,50,29,17,14,9,9,5,4,5,1,0,0,1,0,1],